PassengerId,Pclass,Age,Fare,GroupSize,FamilySize,IsAlone,Sex_male,Embarked_Q,Embarked_S,Title_Miss,Title_Mr,Title_Mrs,Title_Other,AgeGroup_Teenager,AgeGroup_Young Adult,AgeGroup_Adult,AgeGroup_Senior,FareBand_Medium,FareBand_High,FareBand_Very High,Deck_B,Deck_C,Deck_D,Deck_E,Deck_F,Deck_G,Deck_T,Deck_Unknown,Predicted_Survived
892,3,34.5,7.8292,1,1,1,True,True,False,False,True,False,False,False,True,False,False,False,False,False,False,False,False,False,False,False,False,True,0.0
893,3,47.0,7.0,1,2,0,False,False,True,False,False,True,False,False,False,True,False,False,False,False,False,False,False,False,False,False,False,True,0.0
894,2,62.0,9.6875,1,1,1,True,True,False,False,True,False,False,False,False,False,True,True,False,False,False,False,False,False,False,False,False,True,0.0
895,3,27.0,8.6625,1,1,1,True,False,True,False,True,False,False,False,True,False,False,True,False,False,False,False,False,False,False,False,False,True,0.0
896,3,22.0,12.2875,2,3,0,False,False,True,False,False,True,False,False,True,False,False,True,False,False,False,False,False,False,False,False,False,True,1.0
897,3,14.0,9.225,1,1,1,True,False,True,False,True,False,False,True,False,False,False,True,False,False,False,False,False,False,False,False,False,True,0.0
898,3,30.0,7.6292,1,1,1,False,True,False,True,False,False,False,False,True,False,False,False,False,False,False,False,False,False,False,False,False,True,1.0
899,2,26.0,29.0,3,3,0,True,False,True,False,True,False,False,False,True,False,False,False,True,False,False,False,False,False,False,False,False,True,0.0
900,3,18.0,7.2292,1,1,1,False,False,False,False,False,True,False,True,False,False,False,False,False,False,False,False,False,False,False,False,False,True,1.0
901,3,21.0,24.15,3,3,0,True,False,True,False,True,False,False,False,True,False,False,False,True,False,False,False,False,False,False,False,False,True,0.0
902,3,25.0,7.8958,1,1,1,True,False,True,False,True,False,False,False,True,False,False,False,False,False,False,False,False,False,False,False,False,True,0.0
903,1,46.0,26.0,1,1,1,True,False,True,False,True,False,False,False,False,True,False,False,True,False,False,False,False,False,False,False,False,True,0.0
904,1,23.0,82.2667,2,2,0,False,False,True,False,False,True,False,False,True,False,False,False,False,True,True,False,False,False,False,False,False,False,1.0
905,2,63.0,26.0,2,2,0,True,False,True,False,True,False,False,False,False,False,True,False,True,False,False,False,False,False,False,False,False,True,0.0
906,1,47.0,61.175,2,2,0,False,False,True,False,False,True,False,False,False,True,False,False,False,True,False,False,False,True,False,False,False,False,1.0
907,2,24.0,27.7208,2,2,0,False,False,False,False,False,True,False,False,True,False,False,False,True,False,False,False,False,False,False,False,False,True,1.0
908,2,35.0,12.35,1,1,1,True,True,False,False,True,False,False,False,True,False,False,True,False,False,False,False,False,False,False,False,False,True,0.0
909,3,21.0,7.225,1,1,1,True,False,False,False,True,False,False,False,True,False,False,False,False,False,False,False,False,False,False,False,False,True,0.0
910,3,27.0,7.925,1,2,0,False,False,True,True,False,False,False,False,True,False,False,True,False,False,False,False,False,False,False,False,False,True,0.0
911,3,45.0,7.225,1,1,1,False,False,False,False,False,True,False,False,False,True,False,False,False,False,False,False,False,False,False,False,False,True,1.0
912,1,55.0,59.4,2,2,0,True,False,False,False,True,False,False,False,False,True,False,False,False,True,False,False,False,False,False,False,False,True,0.0
913,3,9.0,3.1708,1,2,0,True,False,True,False,False,False,False,False,False,False,False,False,False,False,False,False,False,False,False,False,False,True,1.0
914,1,36.0,31.6833,1,1,1,False,False,True,False,False,True,False,False,False,True,False,False,False,True,False,False,False,False,False,False,False,True,1.0
915,1,21.0,61.3792,2,2,0,True,False,False,False,True,False,False,False,True,False,False,False,False,True,False,False,False,False,False,False,False,True,0.0
916,1,48.0,262.375,7,5,0,False,False,False,False,False,True,False,False,False,True,False,False,False,True,True,False,False,False,False,False,False,False,1.0
917,3,50.0,14.5,2,2,0,True,False,True,False,True,False,False,False,False,True,False,False,True,False,False,False,False,False,False,False,False,True,0.0
918,1,22.0,61.9792,2,2,0,False,False,False,True,False,False,False,False,True,False,False,False,False,True,True,False,False,False,False,False,False,False,1.0
919,3,22.5,7.225,1,1,1,True,False,False,False,True,False,False,False,True,False,False,False,False,False,False,False,False,False,False,False,False,True,0.0
920,1,41.0,30.5,1,1,1,True,False,True,False,True,False,False,False,False,True,False,False,True,False,False,False,False,False,False,False,False,False,1.0
921,3,25.0,21.6792,3,3,0,True,False,False,False,True,False,False,False,True,False,False,False,True,False,False,False,False,False,False,False,False,True,0.0
922,2,50.0,26.0,2,2,0,True,False,True,False,True,False,False,False,False,True,False,False,True,False,False,False,False,False,False,False,False,True,0.0
923,2,24.0,31.5,3,3,0,True,False,True,False,True,False,False,False,True,False,False,False,False,True,False,False,False,False,False,False,False,True,0.0
924,3,33.0,20.575,4,4,0,False,False,True,False,False,True,False,False,True,False,False,False,True,False,False,False,False,False,False,False,False,True,1.0
925,3,22.0,23.45,4,4,0,False,False,True,False,False,True,False,False,True,False,False,False,True,False,False,False,False,False,False,False,False,True,0.0
926,1,30.0,57.75,2,2,0,True,False,False,False,True,False,False,False,True,False,False,False,False,True,False,True,False,False,False,False,False,False,0.0
927,3,18.5,7.2292,1,1,1,True,False,False,False,True,False,False,False,True,False,False,False,False,False,False,False,False,False,False,False,False,True,0.0
928,3,22.0,8.05,1,1,1,False,False,True,True,False,False,False,False,True,False,False,True,False,False,False,False,False,False,False,False,False,True,0.0
929,3,21.0,8.6625,1,1,1,False,False,True,True,False,False,False,False,True,False,False,True,False,False,False,False,False,False,False,False,False,True,0.0
930,3,25.0,9.5,1,1,1,True,False,True,False,True,False,False,False,True,False,False,True,False,False,False,False,False,False,False,False,False,True,0.0
931,3,25.0,56.4958,8,1,1,True,False,True,False,True,False,False,False,True,False,False,False,False,True,False,False,False,False,False,False,False,True,0.0
932,3,39.0,13.4167,2,2,0,True,False,False,False,True,False,False,False,False,True,False,True,False,False,False,False,False,False,False,False,False,True,0.0
933,1,42.0,26.55,1,1,1,True,False,True,False,True,False,False,False,False,True,False,False,True,False,False,False,True,False,False,False,False,False,1.0
934,3,41.0,7.85,1,1,1,True,False,True,False,True,False,False,False,False,True,False,False,False,False,False,False,False,False,False,False,False,True,0.0
935,2,30.0,13.0,1,1,1,False,False,True,False,False,True,False,False,True,False,False,True,False,False,False,False,False,False,False,False,False,True,1.0
936,1,45.0,52.5542,2,2,0,False,False,True,False,False,True,False,False,False,True,False,False,False,True,False,False,True,False,False,False,False,False,1.0
937,3,25.0,7.925,1,1,1,True,False,True,False,True,False,False,False,True,False,False,True,False,False,False,False,False,False,False,False,False,True,0.0
938,1,45.0,29.7,1,1,1,True,False,False,False,True,False,False,False,False,True,False,False,True,False,False,False,False,False,False,False,False,False,0.0
939,3,25.0,7.75,1,1,1,True,True,False,False,True,False,False,False,True,False,False,False,False,False,False,False,False,False,False,False,False,True,1.0
940,1,60.0,76.2917,2,1,1,False,False,False,False,False,True,False,False,False,True,False,False,False,True,False,False,True,False,False,False,False,False,1.0
941,3,36.0,15.9,3,3,0,False,False,True,False,False,True,False,False,False,True,False,False,True,False,False,False,False,False,False,False,False,True,1.0
942,1,24.0,60.0,2,2,0,True,False,True,False,True,False,False,False,True,False,False,False,False,True,False,True,False,False,False,False,False,False,0.0
943,2,27.0,15.0333,1,1,1,True,False,False,False,True,False,False,False,True,False,False,False,True,False,False,False,False,False,False,False,False,True,0.0
944,2,20.0,23.0,2,4,0,False,False,True,True,False,False,False,False,True,False,False,False,True,False,False,False,False,False,False,False,False,True,1.0
945,1,28.0,263.0,6,6,0,False,False,True,True,False,False,False,False,True,False,False,False,False,True,False,True,False,False,False,False,False,False,1.0
946,2,29.5,15.5792,1,1,1,True,False,False,False,True,False,False,False,True,False,False,False,True,False,False,False,False,False,False,False,False,True,0.0
947,3,10.0,29.125,6,6,0,True,True,False,False,False,False,False,False,False,False,False,False,True,False,False,False,False,False,False,False,False,True,0.0
948,3,35.0,7.8958,1,1,1,True,False,True,False,True,False,False,False,True,False,False,False,False,False,False,False,False,False,False,False,False,True,0.0
949,3,25.0,7.65,1,1,1,True,False,True,False,True,False,False,False,True,False,False,False,False,False,False,False,False,False,True,False,False,False,0.0
950,3,25.0,16.1,2,2,0,True,False,True,False,True,False,False,False,True,False,False,False,True,False,False,False,False,False,False,False,False,True,0.0
951,1,36.0,262.375,7,1,1,False,False,False,True,False,False,False,False,False,True,False,False,False,True,True,False,False,False,False,False,False,False,1.0
952,3,17.0,7.8958,1,1,1,True,False,True,False,True,False,False,True,False,False,False,False,False,False,False,False,False,False,False,False,False,True,0.0
953,2,32.0,13.5,1,1,1,True,False,True,False,True,False,False,False,True,False,False,True,False,False,False,False,False,False,False,False,False,True,0.0
954,3,18.0,7.75,1,1,1,True,False,True,False,True,False,False,True,False,False,False,False,False,False,False,False,False,False,False,False,False,True,0.0
955,3,22.0,7.725,1,1,1,False,True,False,True,False,False,False,False,True,False,False,False,False,False,False,False,False,False,False,False,False,True,1.0
956,1,13.0,262.375,7,5,0,True,False,False,False,False,False,False,True,False,False,False,False,False,True,True,False,False,False,False,False,False,False,1.0
957,2,28.0,21.0,2,1,1,False,False,True,False,False,True,False,False,True,False,False,False,True,False,False,False,False,False,False,False,False,True,1.0
958,3,18.0,7.8792,1,1,1,False,True,False,True,False,False,False,True,False,False,False,False,False,False,False,False,False,False,False,False,False,True,1.0
959,1,47.0,42.4,2,1,1,True,False,True,False,True,False,False,False,False,True,False,False,False,True,False,False,False,False,False,False,False,True,0.0
960,1,31.0,28.5375,1,1,1,True,False,False,False,True,False,False,False,True,False,False,False,True,False,False,True,False,False,False,False,False,False,0.0
961,1,60.0,263.0,6,6,0,False,False,True,False,False,True,False,False,False,True,False,False,False,True,False,True,False,False,False,False,False,False,1.0
962,3,24.0,7.75,1,1,1,False,True,False,True,False,False,False,False,True,False,False,False,False,False,False,False,False,False,False,False,False,True,1.0
963,3,21.0,7.8958,1,1,1,True,False,True,False,True,False,False,False,True,False,False,False,False,False,False,False,False,False,False,False,False,True,0.0
964,3,29.0,7.925,1,1,1,False,False,True,True,False,False,False,False,True,False,False,True,False,False,False,False,False,False,False,False,False,True,0.0
965,1,28.5,27.7208,1,1,1,True,False,False,False,True,False,False,False,True,False,False,False,True,False,False,False,True,False,False,False,False,False,0.0
966,1,35.0,211.5,5,1,1,False,False,False,True,False,False,False,False,True,False,False,False,False,True,False,True,False,False,False,False,False,False,1.0
967,1,32.5,211.5,5,1,1,True,False,False,False,True,False,False,False,True,False,False,False,False,True,False,True,False,False,False,False,False,False,0.0
968,3,25.0,8.05,1,1,1,True,False,True,False,True,False,False,False,True,False,False,True,False,False,False,False,False,False,False,False,False,True,0.0
969,1,55.0,25.7,1,3,0,False,False,True,False,False,True,False,False,False,True,False,False,True,False,False,True,False,False,False,False,False,False,1.0
970,2,30.0,13.0,1,1,1,True,False,True,False,True,False,False,False,True,False,False,True,False,False,False,False,False,False,False,False,False,True,0.0
971,3,24.0,7.75,1,1,1,False,True,False,True,False,False,False,False,True,False,False,False,False,False,False,False,False,False,False,False,False,True,1.0
972,3,6.0,15.2458,3,3,0,True,False,False,False,False,False,False,False,False,False,False,False,True,False,False,False,False,False,False,False,False,True,1.0
973,1,67.0,221.7792,4,2,0,True,False,True,False,True,False,False,False,False,False,True,False,False,True,False,True,False,False,False,False,False,False,0.0
974,1,49.0,26.0,1,1,1,True,False,True,False,True,False,False,False,False,True,False,False,True,False,False,False,False,False,False,False,False,True,0.0
975,3,25.0,7.8958,1,1,1,True,False,True,False,True,False,False,False,True,False,False,False,False,False,False,False,False,False,False,False,False,True,0.0
976,2,29.5,10.7083,1,1,1,True,True,False,False,True,False,False,False,True,False,False,True,False,False,False,False,False,False,False,False,False,True,0.0
977,3,25.0,14.4542,2,2,0,True,False,False,False,True,False,False,False,True,False,False,True,False,False,False,False,False,False,False,False,False,True,0.0
978,3,27.0,7.8792,1,1,1,False,True,False,True,False,False,False,False,True,False,False,False,False,False,False,False,False,False,False,False,False,True,1.0
979,3,18.0,8.05,1,1,1,False,False,True,True,False,False,False,True,False,False,False,True,False,False,False,False,False,False,False,False,False,True,1.0
980,3,22.0,7.75,1,1,1,False,True,False,True,False,False,False,False,True,False,False,False,False,False,False,False,False,False,False,False,False,True,1.0
981,2,2.0,23.0,3,3,0,True,False,True,False,False,False,False,False,False,False,False,False,True,False,False,False,False,False,False,False,False,True,1.0
982,3,22.0,13.9,2,2,0,False,False,True,False,False,True,False,False,True,False,False,True,False,False,False,False,False,False,False,False,False,True,1.0
983,3,25.0,7.775,1,1,1,True,False,True,False,True,False,False,False,True,False,False,False,False,False,False,False,False,False,False,False,False,True,0.0
984,1,27.0,52.0,2,4,0,False,False,True,False,False,True,False,False,True,False,False,False,False,True,True,False,False,False,False,False,False,False,1.0
985,3,25.0,8.05,1,1,1,True,False,True,False,True,False,False,False,True,False,False,True,False,False,False,False,False,False,False,False,False,True,0.0
986,1,25.0,26.0,1,1,1,True,False,False,False,True,False,False,False,True,False,False,False,True,False,False,False,False,False,False,False,False,True,0.0
987,3,25.0,7.7958,1,1,1,True,False,True,False,True,False,False,False,True,False,False,False,False,False,False,False,False,False,False,False,False,True,0.0
988,1,76.0,78.85,3,2,0,False,False,True,False,False,True,False,False,False,False,True,False,False,True,False,True,False,False,False,False,False,False,1.0
989,3,29.0,7.925,1,1,1,True,False,True,False,True,False,False,False,True,False,False,True,False,False,False,False,False,False,False,False,False,True,0.0
990,3,20.0,7.8542,1,1,1,False,False,True,True,False,False,False,False,True,False,False,False,False,False,False,False,False,False,False,False,False,True,0.0
991,3,33.0,8.05,1,1,1,True,False,True,False,True,False,False,False,True,False,False,True,False,False,False,False,False,False,False,False,False,True,0.0
992,1,43.0,55.4417,2,2,0,False,False,False,False,False,True,False,False,False,True,False,False,False,True,False,True,False,False,False,False,False,False,1.0
993,2,27.0,26.0,2,2,0,True,False,True,False,True,False,False,False,True,False,False,False,True,False,False,False,False,False,False,False,False,True,0.0
994,3,25.0,7.75,1,1,1,True,True,False,False,True,False,False,False,True,False,False,False,False,False,False,False,False,False,False,False,False,True,1.0
995,3,26.0,7.775,1,1,1,True,False,True,False,True,False,False,False,True,False,False,False,False,False,False,False,False,False,False,False,False,True,0.0
996,3,16.0,8.5167,2,3,0,False,False,False,False,False,True,False,True,False,False,False,True,False,False,False,False,False,False,False,False,False,True,1.0
997,3,28.0,22.525,3,1,1,True,False,True,False,True,False,False,False,True,False,False,False,True,False,False,False,False,False,False,False,False,True,0.0
998,3,21.0,7.8208,1,1,1,True,True,False,False,True,False,False,False,True,False,False,False,False,False,False,False,False,False,False,False,False,True,0.0
999,3,25.0,7.75,1,1,1,True,True,False,False,True,False,False,False,True,False,False,False,False,False,False,False,False,False,False,False,False,True,1.0
1000,3,25.0,8.7125,1,1,1,True,False,True,False,True,False,False,False,True,False,False,True,False,False,False,False,False,False,False,False,False,True,0.0
1001,2,18.5,13.0,1,1,1,True,False,True,False,True,False,False,False,True,False,False,True,False,False,False,False,False,False,True,False,False,False,0.0
1002,2,41.0,15.0458,1,1,1,True,False,False,False,True,False,False,False,False,True,False,False,True,False,False,False,False,False,False,False,False,True,0.0
1003,3,22.0,7.7792,1,1,1,False,True,False,True,False,False,False,False,True,False,False,False,False,False,False,False,False,False,False,False,False,True,1.0
1004,1,36.0,31.6792,1,1,1,False,False,False,True,False,False,False,False,False,True,False,False,False,True,False,False,False,False,False,False,False,False,1.0
1005,3,18.5,7.2833,1,1,1,False,True,False,True,False,False,False,False,True,False,False,False,False,False,False,False,False,False,False,False,False,True,0.0
1006,1,63.0,221.7792,4,2,0,False,False,True,False,False,True,False,False,False,False,True,False,False,True,False,True,False,False,False,False,False,False,1.0
1007,3,18.0,14.4542,2,2,0,True,False,False,False,True,False,False,True,False,False,False,True,False,False,False,False,False,False,False,False,False,True,0.0
1008,3,25.0,6.4375,1,1,1,True,False,False,False,True,False,False,False,True,False,False,False,False,False,False,False,False,False,False,False,False,True,0.0
1009,3,1.0,16.7,3,3,0,False,False,True,True,False,False,False,False,False,False,False,False,True,False,False,False,False,False,False,True,False,False,1.0
1010,1,36.0,75.2417,2,1,1,True,False,False,False,True,False,False,False,False,True,False,False,False,True,False,True,False,False,False,False,False,False,0.0
1011,2,29.0,26.0,2,2,0,False,False,True,False,False,True,False,False,True,False,False,False,True,False,False,False,False,False,False,False,False,True,1.0
1012,2,12.0,15.75,2,1,1,False,False,True,True,False,False,False,False,False,False,False,False,True,False,False,False,False,False,False,False,False,True,1.0
1013,3,25.0,7.75,1,2,0,True,True,False,False,True,False,False,False,True,False,False,False,False,False,False,False,False,False,False,False,False,True,0.0
1014,1,35.0,57.75,2,2,0,False,False,False,False,False,True,False,False,True,False,False,False,False,True,False,True,False,False,False,False,False,False,1.0
1015,3,28.0,7.25,1,1,1,True,False,True,False,True,False,False,False,True,False,False,False,False,False,False,False,False,False,False,False,False,True,0.0
1016,3,25.0,7.75,1,1,1,True,True,False,False,True,False,False,False,True,False,False,False,False,False,False,False,False,False,False,False,False,True,1.0
1017,3,17.0,16.1,2,2,0,False,False,True,True,False,False,False,True,False,False,False,False,True,False,False,False,False,False,False,False,False,True,0.0
1018,3,22.0,7.7958,1,1,1,True,False,True,False,True,False,False,False,True,False,False,False,False,False,False,False,False,False,False,False,False,True,0.0
1019,3,22.0,23.25,3,3,0,False,True,False,True,False,False,False,False,True,False,False,False,True,False,False,False,False,False,False,False,False,True,1.0
1020,2,42.0,13.0,1,1,1,True,False,True,False,True,False,False,False,False,True,False,True,False,False,False,False,False,False,False,False,False,True,0.0
1021,3,24.0,8.05,1,1,1,True,False,True,False,True,False,False,False,True,False,False,True,False,False,False,False,False,False,False,False,False,True,0.0
1022,3,32.0,8.05,1,1,1,True,False,True,False,True,False,False,False,True,False,False,True,False,False,False,False,False,False,False,False,False,True,0.0
1023,1,53.0,28.5,1,1,1,True,False,False,False,False,False,True,False,False,True,False,False,True,False,False,True,False,False,False,False,False,False,1.0
1024,3,22.0,25.4667,5,5,0,False,False,True,False,False,True,False,False,True,False,False,False,True,False,False,False,False,False,False,False,False,True,0.0
1025,3,25.0,6.4375,1,2,0,True,False,False,False,True,False,False,False,True,False,False,False,False,False,False,False,False,False,False,False,False,True,0.0
1026,3,43.0,7.8958,1,1,1,True,False,True,False,True,False,False,False,False,True,False,False,False,False,False,False,False,False,False,False,False,True,0.0
1027,3,24.0,7.8542,1,1,1,True,False,True,False,True,False,False,False,True,False,False,False,False,False,False,False,False,False,False,False,False,True,0.0
1028,3,26.5,7.225,1,1,1,True,False,False,False,True,False,False,False,True,False,False,False,False,False,False,False,False,False,False,False,False,True,0.0
1029,2,26.0,13.0,1,1,1,True,False,True,False,True,False,False,False,True,False,False,True,False,False,False,False,False,False,False,False,False,True,0.0
1030,3,23.0,8.05,1,1,1,False,False,True,True,False,False,False,False,True,False,False,True,False,False,False,False,False,False,False,False,False,True,0.0
1031,3,40.0,46.9,8,8,0,True,False,True,False,True,False,False,False,False,True,False,False,False,True,False,False,False,False,False,False,False,True,0.0
1032,3,10.0,46.9,8,8,0,False,False,True,True,False,False,False,False,False,False,False,False,False,True,False,False,False,False,False,False,False,True,0.0
1033,1,33.0,151.55,6,1,1,False,False,True,True,False,False,False,False,True,False,False,False,False,True,False,False,False,False,False,False,False,True,1.0
1034,1,61.0,262.375,7,5,0,True,False,False,False,True,False,False,False,False,False,True,False,False,True,True,False,False,False,False,False,False,False,0.0
1035,2,28.0,26.0,2,1,1,True,False,True,False,True,False,False,False,True,False,False,False,True,False,False,False,False,False,False,False,False,True,0.0
1036,1,42.0,26.55,1,1,1,True,False,True,False,True,False,False,False,False,True,False,False,True,False,False,False,False,False,False,False,False,True,0.0
1037,3,31.0,18.0,2,4,0,True,False,True,False,True,False,False,False,True,False,False,False,True,False,False,False,False,False,False,False,False,True,0.0
1038,1,42.0,51.8625,2,1,1,True,False,True,False,True,False,False,False,False,True,False,False,False,True,False,False,False,True,False,False,False,False,0.0
1039,3,22.0,8.05,1,1,1,True,False,True,False,True,False,False,False,True,False,False,True,False,False,False,False,False,False,False,False,False,True,0.0
1040,1,42.0,26.55,1,1,1,True,False,True,False,True,False,False,False,False,True,False,False,True,False,False,False,False,False,False,False,False,True,0.0
1041,2,30.0,26.0,2,3,0,True,False,True,False,False,False,True,False,True,False,False,False,True,False,False,False,False,False,False,False,False,True,0.0
1042,1,23.0,83.1583,3,2,0,False,False,False,False,False,True,False,False,True,False,False,False,False,True,False,True,False,False,False,False,False,False,1.0
1043,3,25.0,7.8958,1,1,1,True,False,False,False,True,False,False,False,True,False,False,False,False,False,False,False,False,False,False,False,False,True,0.0
1044,3,60.5,14.4542,1,1,1,True,False,True,False,True,False,False,False,False,False,True,True,False,False,False,False,False,False,False,False,False,True,0.0
1045,3,36.0,12.1833,2,3,0,False,False,True,False,False,True,False,False,False,True,False,True,False,False,False,False,False,False,False,False,False,True,1.0
1046,3,13.0,31.3875,7,7,0,True,False,True,False,False,False,False,True,False,False,False,False,False,True,False,False,False,False,False,False,False,True,0.0
1047,3,24.0,7.55,1,1,1,True,False,True,False,True,False,False,False,True,False,False,False,False,False,False,False,False,False,False,False,False,True,0.0
1048,1,29.0,221.7792,4,1,1,False,False,True,True,False,False,False,False,True,False,False,False,False,True,False,True,False,False,False,False,False,False,1.0
1049,3,23.0,7.8542,1,1,1,False,False,True,True,False,False,False,False,True,False,False,False,False,False,False,False,False,False,False,False,False,True,0.0
1050,1,42.0,26.55,1,1,1,True,False,True,False,True,False,False,False,False,True,False,False,True,False,False,False,True,False,False,False,False,False,1.0
1051,3,26.0,13.775,3,3,0,False,False,True,False,False,True,False,False,True,False,False,True,False,False,False,False,False,False,False,False,False,True,0.0
1052,3,22.0,7.7333,1,1,1,False,True,False,True,False,False,False,False,True,False,False,False,False,False,False,False,False,False,False,False,False,True,1.0
1053,3,7.0,15.2458,3,3,0,True,False,False,False,False,False,False,False,False,False,False,False,True,False,False,False,False,False,False,False,False,True,1.0
1054,2,26.0,13.5,1,1,1,False,False,True,True,False,False,False,False,True,False,False,True,False,False,False,False,False,False,False,False,False,True,1.0
1055,3,25.0,7.0,1,1,1,True,False,True,False,True,False,False,False,True,False,False,False,False,False,False,False,False,False,False,False,False,True,0.0
1056,2,41.0,13.0,1,1,1,True,False,True,False,False,False,True,False,False,True,False,True,False,False,False,False,False,False,False,False,False,True,0.0
1057,3,26.0,22.025,3,3,0,False,False,True,False,False,True,False,False,True,False,False,False,True,False,False,False,False,False,False,False,False,True,0.0
1058,1,48.0,50.4958,1,1,1,True,False,False,False,True,False,False,False,False,True,False,False,False,True,True,False,False,False,False,False,False,False,0.0
1059,3,18.0,34.375,5,5,0,True,False,True,False,True,False,False,True,False,False,False,False,False,True,False,False,False,False,False,False,False,True,0.0
1060,1,36.0,27.7208,1,1,1,False,False,False,False,False,True,False,False,False,True,False,False,True,False,False,False,False,False,False,False,False,True,1.0
1061,3,22.0,8.9625,1,1,1,False,False,True,True,False,False,False,False,True,False,False,True,False,False,False,False,False,False,False,False,False,True,0.0
1062,3,25.0,7.55,1,1,1,True,False,True,False,True,False,False,False,True,False,False,False,False,False,False,False,False,False,False,False,False,True,0.0
1063,3,27.0,7.225,1,1,1,True,False,False,False,True,False,False,False,True,False,False,False,False,False,False,False,False,False,False,False,False,True,0.0
1064,3,23.0,13.9,2,2,0,True,False,True,False,True,False,False,False,True,False,False,True,False,False,False,False,False,False,False,False,False,True,0.0
1065,3,25.0,7.2292,1,1,1,True,False,False,False,True,False,False,False,True,False,False,False,False,False,False,False,False,False,False,False,False,True,0.0
1066,3,40.0,31.3875,7,7,0,True,False,True,False,True,False,False,False,False,True,False,False,False,True,False,False,False,False,False,False,False,True,0.0
1067,2,15.0,39.0,3,3,0,False,False,True,True,False,False,False,True,False,False,False,False,False,True,False,False,False,False,False,False,False,True,1.0
1068,2,20.0,36.75,4,1,1,False,False,True,True,False,False,False,False,True,False,False,False,False,True,False,False,False,False,False,False,False,True,1.0
1069,1,54.0,55.4417,2,2,0,True,False,False,False,True,False,False,False,False,True,False,False,False,True,False,True,False,False,False,False,False,False,0.0
1070,2,36.0,39.0,4,4,0,False,False,True,False,False,True,False,False,False,True,False,False,False,True,False,False,False,False,True,False,False,False,1.0
1071,1,64.0,83.1583,3,3,0,False,False,False,False,False,True,False,False,False,False,True,False,False,True,False,False,False,True,False,False,False,False,1.0
1072,2,30.0,13.0,1,1,1,True,False,True,False,True,False,False,False,True,False,False,True,False,False,False,False,False,False,False,False,False,True,0.0
1073,1,37.0,83.1583,3,3,0,True,False,False,False,True,False,False,False,False,True,False,False,False,True,False,False,False,True,False,False,False,False,0.0
1074,1,18.0,53.1,2,2,0,False,False,True,False,False,True,False,True,False,False,False,False,False,True,False,False,True,False,False,False,False,False,1.0
1075,3,25.0,7.75,1,1,1,True,True,False,False,True,False,False,False,True,False,False,False,False,False,False,False,False,False,False,False,False,True,1.0
1076,1,27.0,247.5208,3,3,0,False,False,False,False,False,True,False,False,True,False,False,False,False,True,True,False,False,False,False,False,False,False,1.0
1077,2,40.0,16.0,1,1,1,True,False,True,False,True,False,False,False,False,True,False,False,True,False,False,False,False,False,False,False,False,True,0.0
1078,2,21.0,21.0,2,2,0,False,False,True,True,False,False,False,False,True,False,False,False,True,False,False,False,False,False,False,False,False,True,1.0
1079,3,17.0,8.05,1,3,0,True,False,True,False,True,False,False,True,False,False,False,True,False,False,False,False,False,False,False,False,False,True,0.0
1080,3,22.0,69.55,11,11,0,False,False,True,True,False,False,False,False,True,False,False,False,False,True,False,False,False,False,False,False,False,True,0.0
1081,2,40.0,13.0,1,1,1,True,False,True,False,True,False,False,False,False,True,False,True,False,False,False,False,False,False,False,False,False,True,0.0
1082,2,34.0,26.0,2,2,0,True,False,True,False,True,False,False,False,True,False,False,False,True,False,False,False,False,False,False,False,False,True,0.0
1083,1,42.0,26.0,1,1,1,True,False,True,False,True,False,False,False,False,True,False,False,True,False,False,False,False,False,False,False,False,True,0.0
1084,3,11.5,14.5,3,3,0,True,False,True,False,False,False,False,False,False,False,False,False,True,False,False,False,False,False,False,False,False,True,1.0
1085,2,61.0,12.35,1,1,1,True,True,False,False,True,False,False,False,False,False,True,True,False,False,False,False,False,False,False,False,False,True,0.0
1086,2,8.0,32.5,3,3,0,True,False,True,False,False,False,False,False,False,False,False,False,False,True,False,False,False,False,False,False,False,True,1.0
1087,3,33.0,7.8542,1,1,1,True,False,True,False,True,False,False,False,True,False,False,False,False,False,False,False,False,False,False,False,False,True,0.0
1088,1,6.0,134.5,5,3,0,True,False,False,False,False,False,False,False,False,False,False,False,False,True,False,False,False,True,False,False,False,False,1.0
1089,3,18.0,7.775,1,1,1,False,False,True,True,False,False,False,True,False,False,False,False,False,False,False,False,False,False,False,False,False,True,0.0
1090,2,23.0,10.5,1,1,1,True,False,True,False,True,False,False,False,True,False,False,True,False,False,False,False,False,False,False,False,False,True,0.0
1091,3,22.0,8.1125,1,1,1,False,False,True,False,False,True,False,False,True,False,False,True,False,False,False,False,False,False,False,False,False,True,0.0
1092,3,22.0,15.5,2,1,1,False,True,False,True,False,False,False,False,True,False,False,False,True,False,False,False,False,False,False,False,False,True,1.0
1093,3,0.33,14.4,3,3,0,True,False,True,False,False,False,False,False,False,False,False,True,False,False,False,False,False,False,False,False,False,True,1.0
1094,1,47.0,227.525,5,2,0,True,False,False,False,False,False,True,False,False,True,False,False,False,True,False,True,False,False,False,False,False,False,0.0
1095,2,8.0,26.0,3,3,0,False,False,True,True,False,False,False,False,False,False,False,False,True,False,False,False,False,False,False,False,False,True,1.0
1096,2,25.0,10.5,1,1,1,True,False,True,False,True,False,False,False,True,False,False,True,False,False,False,False,False,False,False,False,False,True,0.0
1097,1,42.0,25.7417,1,1,1,True,False,False,False,True,False,False,False,False,True,False,False,True,False,False,False,False,False,False,False,False,True,0.0
1098,3,35.0,7.75,1,1,1,False,True,False,True,False,False,False,False,True,False,False,False,False,False,False,False,False,False,False,False,False,True,1.0
1099,2,24.0,10.5,1,1,1,True,False,True,False,True,False,False,False,True,False,False,True,False,False,False,False,False,False,False,False,False,True,0.0
1100,1,33.0,27.7208,1,1,1,False,False,False,True,False,False,False,False,True,False,False,False,True,False,False,False,False,False,False,False,False,False,1.0
1101,3,25.0,7.8958,1,1,1,True,False,True,False,True,False,False,False,True,False,False,False,False,False,False,False,False,False,False,False,False,True,0.0
1102,3,32.0,22.525,3,1,1,True,False,True,False,True,False,False,False,True,False,False,False,True,False,False,False,False,False,False,False,False,True,0.0
1103,3,25.0,7.05,1,1,1,True,False,True,False,True,False,False,False,True,False,False,False,False,False,False,False,False,False,False,False,False,True,0.0
1104,2,17.0,73.5,7,1,1,True,False,True,False,True,False,False,True,False,False,False,False,False,True,False,False,False,False,False,False,False,True,0.0
1105,2,60.0,26.0,2,2,0,False,False,True,False,False,True,False,False,False,True,False,False,True,False,False,False,False,False,False,False,False,True,1.0
1106,3,38.0,7.775,1,7,0,False,False,True,True,False,False,False,False,False,True,False,False,False,False,False,False,False,False,False,False,False,True,0.0
1107,1,42.0,42.5,1,1,1,True,False,True,False,True,False,False,False,False,True,False,False,False,True,True,False,False,False,False,False,False,False,0.0
1108,3,22.0,7.8792,1,1,1,False,True,False,True,False,False,False,False,True,False,False,False,False,False,False,False,False,False,False,False,False,True,1.0
1109,1,57.0,164.8667,4,3,0,True,False,True,False,True,False,False,False,False,True,False,False,False,True,False,False,False,False,False,False,False,True,0.0
1110,1,50.0,211.5,5,3,0,False,False,False,False,False,True,False,False,False,True,False,False,False,True,False,True,False,False,False,False,False,False,1.0
1111,3,25.0,8.05,1,1,1,True,False,True,False,True,False,False,False,True,False,False,True,False,False,False,False,False,False,False,False,False,True,0.0
1112,2,30.0,13.8583,1,2,0,False,False,False,True,False,False,False,False,True,False,False,True,False,False,False,False,False,False,False,False,False,True,1.0
1113,3,21.0,8.05,1,1,1,True,False,True,False,True,False,False,False,True,False,False,True,False,False,False,False,False,False,False,False,False,True,0.0
1114,2,22.0,10.5,1,1,1,False,False,True,False,False,True,False,False,True,False,False,True,False,False,False,False,False,False,True,False,False,False,1.0
1115,3,21.0,7.7958,1,1,1,True,False,True,False,True,False,False,False,True,False,False,False,False,False,False,False,False,False,False,False,False,True,0.0
1116,1,53.0,27.4458,1,1,1,False,False,False,False,False,True,False,False,False,True,False,False,True,False,False,False,False,False,False,False,False,True,1.0
1117,3,22.0,15.2458,3,3,0,False,False,False,False,False,True,False,False,True,False,False,False,True,False,False,False,False,False,False,False,False,True,1.0
1118,3,23.0,7.7958,1,1,1,True,False,True,False,True,False,False,False,True,False,False,False,False,False,False,False,False,False,False,False,False,True,0.0
1119,3,22.0,7.75,1,1,1,False,True,False,True,False,False,False,False,True,False,False,False,False,False,False,False,False,False,False,False,False,True,1.0
1120,3,40.5,15.1,2,1,1,True,False,True,False,True,False,False,False,False,True,False,False,True,False,False,False,False,False,False,False,False,True,0.0
1121,2,36.0,13.0,1,1,1,True,False,True,False,True,False,False,False,False,True,False,True,False,False,False,False,False,False,False,False,False,True,0.0
1122,2,14.0,65.0,5,1,1,True,False,True,False,True,False,False,True,False,False,False,False,False,True,False,False,False,False,False,False,False,True,0.0
1123,1,21.0,26.55,1,1,1,False,False,True,True,False,False,False,False,True,False,False,False,True,False,False,False,False,False,False,False,False,True,1.0
1124,3,21.0,6.4958,1,2,0,True,False,True,False,True,False,False,False,True,False,False,False,False,False,False,False,False,False,False,False,False,True,0.0
1125,3,25.0,7.8792,1,1,1,True,True,False,False,True,False,False,False,True,False,False,False,False,False,False,False,False,False,False,False,False,True,0.0
1126,1,39.0,71.2833,2,2,0,True,False,False,False,True,False,False,False,False,True,False,False,False,True,False,True,False,False,False,False,False,False,0.0
1127,3,20.0,7.8542,1,1,1,True,False,True,False,True,False,False,False,True,False,False,False,False,False,False,False,False,False,False,False,False,True,0.0
1128,1,64.0,75.25,2,2,0,True,False,False,False,True,False,False,False,False,False,True,False,False,True,False,False,True,False,False,False,False,False,0.0
1129,3,20.0,7.225,1,1,1,True,False,False,False,True,False,False,False,True,False,False,False,False,False,False,False,False,False,False,False,False,True,1.0
1130,2,18.0,13.0,1,3,0,False,False,True,True,False,False,False,True,False,False,False,True,False,False,False,False,False,False,False,False,False,True,1.0
1131,1,48.0,106.425,3,2,0,False,False,False,False,False,True,False,False,False,True,False,False,False,True,False,True,False,False,False,False,False,False,1.0
1132,1,55.0,27.7208,1,1,1,False,False,False,False,False,True,False,False,False,True,False,False,True,False,False,False,False,False,False,False,False,True,1.0
1133,2,45.0,30.0,2,3,0,False,False,True,False,False,True,False,False,False,True,False,False,True,False,False,False,False,False,False,False,False,True,1.0
1134,1,45.0,134.5,5,3,0,True,False,False,False,True,False,False,False,False,True,False,False,False,True,False,False,False,True,False,False,False,False,0.0
1135,3,25.0,7.8875,1,1,1,True,False,True,False,True,False,False,False,True,False,False,False,False,False,False,False,False,False,False,False,False,True,0.0
1136,3,25.0,23.45,4,4,0,True,False,True,False,False,False,False,False,True,False,False,False,True,False,False,False,False,False,False,False,False,True,0.0
1137,1,41.0,51.8625,2,2,0,True,False,True,False,True,False,False,False,False,True,False,False,False,True,False,False,True,False,False,False,False,False,0.0
1138,2,22.0,21.0,2,1,1,False,False,True,False,False,True,False,False,True,False,False,False,True,False,False,False,False,False,False,False,False,True,1.0
1139,2,42.0,32.5,3,3,0,True,False,True,False,True,False,False,False,False,True,False,False,False,True,False,False,False,False,False,False,False,True,0.0
1140,2,29.0,26.0,2,2,0,False,False,True,False,False,True,False,False,True,False,False,False,True,False,False,False,False,False,False,False,False,True,1.0
1141,3,22.0,14.4542,2,2,0,False,False,False,False,False,True,False,False,True,False,False,True,False,False,False,False,False,False,False,False,False,True,1.0
1142,2,0.92,27.75,4,4,0,False,False,True,True,False,False,False,False,False,False,False,False,True,False,False,False,False,False,False,False,False,True,1.0
1143,3,20.0,7.925,1,1,1,True,False,True,False,True,False,False,False,True,False,False,True,False,False,False,False,False,False,False,False,False,True,0.0
1144,1,27.0,136.7792,2,2,0,True,False,False,False,True,False,False,False,True,False,False,False,False,True,False,True,False,False,False,False,False,False,0.0
1145,3,24.0,9.325,1,1,1,True,False,True,False,True,False,False,False,True,False,False,True,False,False,False,False,False,False,False,False,False,True,0.0
1146,3,32.5,9.5,1,1,1,True,False,True,False,True,False,False,False,True,False,False,True,False,False,False,False,False,False,False,False,False,True,0.0
1147,3,25.0,7.55,1,1,1,True,False,True,False,True,False,False,False,True,False,False,False,False,False,False,False,False,False,False,False,False,True,0.0
1148,3,25.0,7.75,1,1,1,True,True,False,False,True,False,False,False,True,False,False,False,False,False,False,False,False,False,False,False,False,True,1.0
1149,3,28.0,8.05,1,1,1,True,False,True,False,True,False,False,False,True,False,False,True,False,False,False,False,False,False,False,False,False,True,0.0
1150,2,19.0,13.0,1,1,1,False,False,True,True,False,False,False,False,True,False,False,True,False,False,False,False,False,False,False,False,False,True,1.0
1151,3,21.0,7.775,1,1,1,True,False,True,False,True,False,False,False,True,False,False,False,False,False,False,False,False,False,False,False,False,True,0.0
1152,3,36.5,17.4,2,2,0,True,False,True,False,True,False,False,False,False,True,False,False,True,False,False,False,False,False,False,False,False,True,0.0
1153,3,21.0,7.8542,1,1,1,True,False,True,False,True,False,False,False,True,False,False,False,False,False,False,False,False,False,False,False,False,True,0.0
1154,2,29.0,23.0,3,3,0,False,False,True,False,False,True,False,False,True,False,False,False,True,False,False,False,False,False,False,False,False,True,1.0
1155,3,1.0,12.1833,2,3,0,False,False,True,True,False,False,False,False,False,False,False,True,False,False,False,False,False,False,False,False,False,True,1.0
1156,2,30.0,12.7375,1,1,1,True,False,False,False,True,False,False,False,True,False,False,True,False,False,False,False,False,False,False,False,False,True,0.0
1157,3,25.0,7.8958,1,1,1,True,False,True,False,True,False,False,False,True,False,False,False,False,False,False,False,False,False,False,False,False,True,0.0
1158,1,42.0,0.0,1,1,1,True,False,True,False,True,False,False,False,False,True,False,False,False,False,False,False,False,False,False,False,False,True,0.0
1159,3,25.0,7.55,1,1,1,True,False,True,False,True,False,False,False,True,False,False,False,False,False,False,False,False,False,False,False,False,True,0.0
1160,3,22.0,8.05,1,1,1,False,False,True,True,False,False,False,False,True,False,False,True,False,False,False,False,False,False,False,False,False,True,0.0
1161,3,17.0,8.6625,1,1,1,True,False,True,False,True,False,False,True,False,False,False,True,False,False,False,False,False,False,False,False,False,True,0.0
1162,1,46.0,75.2417,2,1,1,True,False,False,False,True,False,False,False,False,True,False,False,False,True,False,True,False,False,False,False,False,False,0.0
1163,3,25.0,7.75,1,1,1,True,True,False,False,True,False,False,False,True,False,False,False,False,False,False,False,False,False,False,False,False,True,1.0
1164,1,26.0,136.7792,2,2,0,False,False,False,False,False,True,False,False,True,False,False,False,False,True,False,True,False,False,False,False,False,False,1.0
1165,3,22.0,15.5,2,2,0,False,True,False,True,False,False,False,False,True,False,False,False,True,False,False,False,False,False,False,False,False,True,1.0
1166,3,25.0,7.225,1,1,1,True,False,False,False,True,False,False,False,True,False,False,False,False,False,False,False,False,False,False,False,False,True,0.0
1167,2,20.0,26.0,2,2,0,False,False,True,True,False,False,False,False,True,False,False,False,True,False,False,False,False,False,False,False,False,True,1.0
1168,2,28.0,10.5,1,1,1,True,False,True,False,True,False,False,False,True,False,False,True,False,False,False,False,False,False,False,False,False,True,0.0
1169,2,40.0,26.0,2,2,0,True,False,True,False,True,False,False,False,False,True,False,False,True,False,False,False,False,False,False,False,False,True,0.0
1170,2,30.0,21.0,2,2,0,True,False,True,False,True,False,False,False,True,False,False,False,True,False,False,False,False,False,False,False,False,True,0.0
1171,2,22.0,10.5,1,1,1,True,False,True,False,True,False,False,False,True,False,False,True,False,False,False,False,False,False,False,False,False,True,0.0
1172,3,23.0,8.6625,1,1,1,False,False,True,True,False,False,False,False,True,False,False,True,False,False,False,False,False,False,False,False,False,True,0.0
1173,3,0.75,13.775,3,3,0,True,False,True,False,False,False,False,False,False,False,False,True,False,False,False,False,False,False,False,False,False,True,1.0
1174,3,22.0,7.75,1,1,1,False,True,False,True,False,False,False,False,True,False,False,False,False,False,False,False,False,False,False,False,False,True,1.0
1175,3,9.0,15.2458,3,3,0,False,False,False,True,False,False,False,False,False,False,False,False,True,False,False,False,False,False,False,False,False,True,1.0
1176,3,2.0,20.2125,3,3,0,False,False,True,True,False,False,False,False,False,False,False,False,True,False,False,False,False,False,False,False,False,True,1.0
1177,3,36.0,7.25,1,1,1,True,False,True,False,True,False,False,False,False,True,False,False,False,False,False,False,False,False,False,False,False,True,0.0
1178,3,25.0,7.25,1,1,1,True,False,True,False,True,False,False,False,True,False,False,False,False,False,False,False,False,False,False,False,False,True,0.0
1179,1,24.0,82.2667,2,2,0,True,False,True,False,True,False,False,False,True,False,False,False,False,True,True,False,False,False,False,False,False,False,0.0
1180,3,25.0,7.2292,1,1,1,True,False,False,False,True,False,False,False,True,False,False,False,False,False,False,False,False,False,True,False,False,False,0.0
1181,3,25.0,8.05,1,1,1,True,False,True,False,True,False,False,False,True,False,False,True,False,False,False,False,False,False,False,False,False,True,0.0
1182,1,42.0,39.6,1,1,1,True,False,True,False,True,False,False,False,False,True,False,False,False,True,False,False,False,False,False,False,False,True,0.0
1183,3,30.0,6.95,1,1,1,False,True,False,True,False,False,False,False,True,False,False,False,False,False,False,False,False,False,False,False,False,True,1.0
1184,3,25.0,7.2292,1,1,1,True,False,False,False,True,False,False,False,True,False,False,False,False,False,False,False,False,False,False,False,False,True,0.0
1185,1,53.0,81.8583,3,3,0,True,False,True,False,False,False,True,False,False,True,False,False,False,True,False,False,False,False,False,False,False,False,1.0
1186,3,36.0,9.5,1,1,1,True,False,True,False,True,False,False,False,False,True,False,True,False,False,False,False,False,False,False,False,False,True,0.0
1187,3,26.0,7.8958,1,1,1,True,False,True,False,True,False,False,False,True,False,False,False,False,False,False,False,False,False,False,False,False,True,0.0
1188,2,1.0,41.5792,4,4,0,False,False,False,True,False,False,False,False,False,False,False,False,False,True,False,False,False,False,False,False,False,True,1.0
1189,3,25.0,21.6792,3,3,0,True,False,False,False,True,False,False,False,True,False,False,False,True,False,False,False,False,False,False,False,False,True,0.0
1190,1,30.0,45.5,1,1,1,True,False,True,False,True,False,False,False,True,False,False,False,False,True,False,False,False,False,False,False,False,True,0.0
1191,3,29.0,7.8542,1,1,1,True,False,True,False,True,False,False,False,True,False,False,False,False,False,False,False,False,False,False,False,False,True,0.0
1192,3,32.0,7.775,1,1,1,True,False,True,False,True,False,False,False,True,False,False,False,False,False,False,False,False,False,False,False,False,True,0.0
1193,2,29.5,15.0458,1,1,1,True,False,False,False,True,False,False,False,True,False,False,False,True,False,False,False,True,False,False,False,False,False,0.0
1194,2,43.0,21.0,2,2,0,True,False,True,False,True,False,False,False,False,True,False,False,True,False,False,False,False,False,False,False,False,True,0.0
1195,3,24.0,8.6625,1,1,1,True,False,True,False,True,False,False,False,True,False,False,True,False,False,False,False,False,False,False,False,False,True,0.0
1196,3,22.0,7.75,1,1,1,False,True,False,True,False,False,False,False,True,False,False,False,False,False,False,False,False,False,False,False,False,True,1.0
1197,1,64.0,26.55,1,3,0,False,False,True,False,False,True,False,False,False,False,True,False,True,False,True,False,False,False,False,False,False,False,1.0
1198,1,30.0,151.55,6,4,0,True,False,True,False,True,False,False,False,True,False,False,False,False,True,False,True,False,False,False,False,False,False,0.0
1199,3,0.83,9.35,2,2,0,True,False,True,False,False,False,False,False,False,False,False,True,False,False,False,False,False,False,False,False,False,True,1.0
1200,1,55.0,93.5,4,3,0,True,False,True,False,True,False,False,False,False,True,False,False,False,True,True,False,False,False,False,False,False,False,1.0
1201,3,45.0,14.1083,2,2,0,False,False,True,False,False,True,False,False,False,True,False,True,False,False,False,False,False,False,False,False,False,True,1.0
1202,3,18.0,8.6625,1,1,1,True,False,True,False,True,False,False,True,False,False,False,True,False,False,False,False,False,False,False,False,False,True,0.0
1203,3,22.0,7.225,1,1,1,True,False,False,False,True,False,False,False,True,False,False,False,False,False,False,False,False,False,False,False,False,True,0.0
1204,3,25.0,7.575,1,1,1,True,False,True,False,True,False,False,False,True,False,False,False,False,False,False,False,False,False,False,False,False,True,0.0
1205,3,37.0,7.75,1,1,1,False,True,False,True,False,False,False,False,False,True,False,False,False,False,False,False,False,False,False,False,False,True,1.0
1206,1,55.0,135.6333,4,1,1,False,False,False,False,False,True,False,False,False,True,False,False,False,True,False,True,False,False,False,False,False,False,1.0
1207,3,17.0,7.7333,1,1,1,False,True,False,True,False,False,False,True,False,False,False,False,False,False,False,False,False,False,False,False,False,True,1.0
1208,1,57.0,146.5208,3,2,0,True,False,False,False,True,False,False,False,False,True,False,False,False,True,True,False,False,False,False,False,False,False,0.0
1209,2,19.0,10.5,1,1,1,True,False,True,False,True,False,False,False,True,False,False,True,False,False,False,False,False,False,False,False,False,True,0.0
1210,3,27.0,7.8542,1,1,1,True,False,True,False,True,False,False,False,True,False,False,False,False,False,False,False,False,False,False,False,False,True,0.0
1211,2,22.0,31.5,3,3,0,True,False,True,False,True,False,False,False,True,False,False,False,False,True,False,False,False,False,False,False,False,True,0.0
1212,3,26.0,7.775,1,1,1,True,False,True,False,True,False,False,False,True,False,False,False,False,False,False,False,False,False,False,False,False,True,0.0
1213,3,25.0,7.2292,1,1,1,True,False,False,False,True,False,False,False,True,False,False,False,False,False,False,False,False,False,True,False,False,False,0.0
1214,2,26.0,13.0,1,1,1,True,False,True,False,True,False,False,False,True,False,False,True,False,False,False,False,False,False,True,False,False,False,0.0
1215,1,33.0,26.55,1,1,1,True,False,True,False,True,False,False,False,True,False,False,False,True,False,False,False,False,False,False,False,False,True,0.0
1216,1,39.0,211.3375,4,1,1,False,False,True,True,False,False,False,False,False,True,False,False,False,True,False,False,False,False,False,False,False,True,1.0
1217,3,23.0,7.05,1,1,1,True,False,True,False,True,False,False,False,True,False,False,False,False,False,False,False,False,False,False,False,False,True,0.0
1218,2,12.0,39.0,4,4,0,False,False,True,True,False,False,False,False,False,False,False,False,False,True,False,False,False,False,True,False,False,False,1.0
1219,1,46.0,79.2,2,1,1,True,False,False,False,True,False,False,False,False,True,False,False,False,True,False,False,False,False,False,False,False,True,0.0
1220,2,29.0,26.0,2,2,0,True,False,True,False,True,False,False,False,True,False,False,False,True,False,False,False,False,False,False,False,False,True,0.0
1221,2,21.0,13.0,1,1,1,True,False,True,False,True,False,False,False,True,False,False,True,False,False,False,False,False,False,False,False,False,True,0.0
1222,2,48.0,36.75,4,3,0,False,False,True,False,False,True,False,False,False,True,False,False,False,True,False,False,False,False,False,False,False,True,1.0
1223,1,39.0,29.7,1,1,1,True,False,False,False,True,False,False,False,False,True,False,False,True,False,False,False,False,False,False,False,False,False,0.0
1224,3,25.0,7.225,1,1,1,True,False,False,False,True,False,False,False,True,False,False,False,False,False,False,False,False,False,False,False,False,True,0.0
1225,3,19.0,15.7417,3,3,0,False,False,False,False,False,True,False,False,True,False,False,False,True,False,False,False,False,False,False,False,False,True,1.0
1226,3,27.0,7.8958,1,1,1,True,False,True,False,True,False,False,False,True,False,False,False,False,False,False,False,False,False,False,False,False,True,0.0
1227,1,30.0,26.0,1,1,1,True,False,True,False,True,False,False,False,True,False,False,False,True,False,False,True,False,False,False,False,False,False,0.0
1228,2,32.0,13.0,1,1,1,True,False,True,False,True,False,False,False,True,False,False,True,False,False,False,False,False,False,False,False,False,True,0.0
1229,3,39.0,7.2292,1,3,0,True,False,False,False,True,False,False,False,False,True,False,False,False,False,False,False,False,False,False,False,False,True,0.0
1230,2,25.0,31.5,3,1,1,True,False,True,False,True,False,False,False,True,False,False,False,False,True,False,False,False,False,False,False,False,True,0.0
1231,3,25.0,7.2292,1,1,1,True,False,False,False,False,False,False,False,True,False,False,False,False,False,False,False,False,False,False,False,False,True,0.0
1232,2,18.0,10.5,1,1,1,True,False,True,False,True,False,False,True,False,False,False,True,False,False,False,False,False,False,False,False,False,True,0.0
1233,3,32.0,7.5792,1,1,1,True,False,True,False,True,False,False,False,True,False,False,False,False,False,False,False,False,False,False,False,False,True,0.0
1234,3,25.0,69.55,11,11,0,True,False,True,False,True,False,False,False,True,False,False,False,False,True,False,False,False,False,False,False,False,True,0.0
1235,1,58.0,512.3292,4,2,0,False,False,False,False,False,True,False,False,False,True,False,False,False,True,True,False,False,False,False,False,False,False,1.0
1236,3,25.0,14.5,3,3,0,True,False,True,False,False,False,False,False,True,False,False,False,True,False,False,False,False,False,False,False,False,True,0.0
1237,3,16.0,7.65,1,1,1,False,False,True,True,False,False,False,True,False,False,False,False,False,False,False,False,False,False,False,False,False,True,1.0
1238,2,26.0,13.0,1,1,1,True,False,True,False,True,False,False,False,True,False,False,True,False,False,False,False,False,False,False,False,False,True,0.0
1239,3,38.0,7.2292,1,1,1,False,False,False,False,False,True,False,False,False,True,False,False,False,False,False,False,False,False,False,False,False,True,1.0
1240,2,24.0,13.5,1,1,1,True,False,True,False,True,False,False,False,True,False,False,True,False,False,False,False,False,False,False,False,False,True,0.0
1241,2,31.0,21.0,2,1,1,False,False,True,True,False,False,False,False,True,False,False,False,True,False,False,False,False,False,False,False,False,True,1.0
1242,1,45.0,63.3583,2,2,0,False,False,False,False,False,True,False,False,False,True,False,False,False,True,False,False,True,False,False,False,False,False,1.0
1243,2,25.0,10.5,1,1,1,True,False,True,False,True,False,False,False,True,False,False,True,False,False,False,False,False,False,False,False,False,True,0.0
1244,2,18.0,73.5,7,1,1,True,False,True,False,True,False,False,True,False,False,False,False,False,True,False,False,False,False,False,False,False,True,0.0
1245,2,49.0,65.0,5,4,0,True,False,True,False,True,False,False,False,False,True,False,False,False,True,False,False,False,False,False,False,False,True,0.0
1246,3,0.17,20.575,4,4,0,False,False,True,True,False,False,False,False,False,False,False,False,True,False,False,False,False,False,False,False,False,True,1.0
1247,1,50.0,26.0,1,1,1,True,False,True,False,True,False,False,False,False,True,False,False,True,False,False,False,False,True,False,False,False,False,1.0
1248,1,59.0,51.4792,2,3,0,False,False,True,False,False,True,False,False,False,True,False,False,False,True,False,True,False,False,False,False,False,False,1.0
1249,3,25.0,7.8792,1,1,1,True,False,True,False,True,False,False,False,True,False,False,False,False,False,False,False,False,False,False,False,False,True,0.0
1250,3,25.0,7.75,1,1,1,True,True,False,False,True,False,False,False,True,False,False,False,False,False,False,False,False,False,False,False,False,True,1.0
1251,3,30.0,15.55,2,2,0,False,False,True,False,False,True,False,False,True,False,False,False,True,False,False,False,False,False,False,False,False,True,0.0
1252,3,14.5,69.55,11,11,0,True,False,True,False,False,False,False,True,False,False,False,False,False,True,False,False,False,False,False,False,False,True,0.0
1253,2,24.0,37.0042,3,3,0,False,False,False,False,False,True,False,False,True,False,False,False,False,True,False,False,False,False,False,False,False,True,1.0
1254,2,31.0,21.0,2,1,1,False,False,True,False,False,True,False,False,True,False,False,False,True,False,False,False,False,False,False,False,False,True,1.0
1255,3,27.0,8.6625,1,1,1,True,False,True,False,True,False,False,False,True,False,False,True,False,False,False,False,False,False,False,False,False,True,0.0
1256,1,25.0,55.4417,2,2,0,False,False,False,False,False,True,False,False,True,False,False,False,False,True,False,False,False,True,False,False,False,False,1.0
1257,3,22.0,69.55,11,11,0,False,False,True,False,False,True,False,False,True,False,False,False,False,True,False,False,False,False,False,False,False,True,0.0
1258,3,25.0,14.4583,2,2,0,True,False,False,False,True,False,False,False,True,False,False,False,True,False,False,False,False,False,False,False,False,True,0.0
1259,3,22.0,39.6875,7,1,1,False,False,True,True,False,False,False,False,True,False,False,False,False,True,False,False,False,False,False,False,False,True,0.0
1260,1,45.0,59.4,2,2,0,False,False,False,False,False,True,False,False,False,True,False,False,False,True,False,False,False,False,False,False,False,True,1.0
1261,2,29.0,13.8583,1,1,1,True,False,False,False,True,False,False,False,True,False,False,True,False,False,False,False,False,False,False,False,False,True,0.0
1262,2,21.0,11.5,1,2,0,True,False,True,False,True,False,False,False,True,False,False,True,False,False,False,False,False,False,False,False,False,True,0.0
1263,1,31.0,134.5,5,1,1,False,False,False,True,False,False,False,False,True,False,False,False,False,True,False,False,False,True,False,False,False,False,1.0
1264,1,49.0,0.0,2,1,1,True,False,True,False,True,False,False,False,False,True,False,False,False,False,True,False,False,False,False,False,False,False,0.0
1265,2,44.0,13.0,1,1,1,True,False,True,False,True,False,False,False,False,True,False,True,False,False,False,False,False,False,False,False,False,True,0.0
1266,1,54.0,81.8583,3,3,0,False,False,True,False,False,True,False,False,False,True,False,False,False,True,False,False,False,False,False,False,False,False,1.0
1267,1,45.0,262.375,7,1,1,False,False,False,True,False,False,False,False,False,True,False,False,False,True,False,False,False,False,False,False,False,True,1.0
1268,3,22.0,8.6625,1,3,0,False,False,True,True,False,False,False,False,True,False,False,True,False,False,False,False,False,False,False,False,False,True,0.0
1269,2,21.0,11.5,1,1,1,True,False,True,False,True,False,False,False,True,False,False,True,False,False,False,False,False,False,False,False,False,True,0.0
1270,1,55.0,50.0,1,1,1,True,False,True,False,True,False,False,False,False,True,False,False,False,True,False,True,False,False,False,False,False,False,0.0
1271,3,5.0,31.3875,7,7,0,True,False,True,False,False,False,False,False,False,False,False,False,False,True,False,False,False,False,False,False,False,True,0.0
1272,3,25.0,7.75,1,1,1,True,True,False,False,True,False,False,False,True,False,False,False,False,False,False,False,False,False,False,False,False,True,1.0
1273,3,26.0,7.8792,1,1,1,True,True,False,False,True,False,False,False,True,False,False,False,False,False,False,False,False,False,False,False,False,True,0.0
1274,3,22.0,14.5,2,1,1,False,False,True,False,False,True,False,False,True,False,False,False,True,False,False,False,False,False,False,False,False,True,1.0
1275,3,19.0,16.1,2,2,0,False,False,True,False,False,True,False,False,True,False,False,False,True,False,False,False,False,False,False,False,False,True,1.0
1276,2,29.5,12.875,1,1,1,True,False,True,False,True,False,False,False,True,False,False,True,False,False,False,False,False,False,False,False,False,True,0.0
1277,2,24.0,65.0,5,4,0,False,False,True,True,False,False,False,False,True,False,False,False,False,True,False,False,False,False,False,False,False,True,1.0
1278,3,24.0,7.775,1,1,1,True,False,True,False,True,False,False,False,True,False,False,False,False,False,False,False,False,False,False,False,False,True,0.0
1279,2,57.0,13.0,1,1,1,True,False,True,False,True,False,False,False,False,True,False,True,False,False,False,False,False,False,False,False,False,True,0.0
1280,3,21.0,7.75,1,1,1,True,True,False,False,True,False,False,False,True,False,False,False,False,False,False,False,False,False,False,False,False,True,0.0
1281,3,6.0,21.075,5,5,0,True,False,True,False,False,False,False,False,False,False,False,False,True,False,False,False,False,False,False,False,False,True,0.0
1282,1,23.0,93.5,4,1,1,True,False,True,False,True,False,False,False,True,False,False,False,False,True,True,False,False,False,False,False,False,False,0.0
1283,1,51.0,39.4,2,2,0,False,False,True,False,False,True,False,False,False,True,False,False,False,True,False,False,True,False,False,False,False,False,1.0
1284,3,13.0,20.25,3,3,0,True,False,True,False,False,False,False,True,False,False,False,False,True,False,False,False,False,False,False,False,False,True,1.0
1285,2,47.0,10.5,1,1,1,True,False,True,False,True,False,False,False,False,True,False,True,False,False,False,False,False,False,False,False,False,True,0.0
1286,3,29.0,22.025,3,5,0,True,False,True,False,True,False,False,False,True,False,False,False,True,False,False,False,False,False,False,False,False,True,0.0
1287,1,18.0,60.0,2,2,0,False,False,True,False,False,True,False,True,False,False,False,False,False,True,False,True,False,False,False,False,False,False,1.0
1288,3,24.0,7.25,1,1,1,True,True,False,False,True,False,False,False,True,False,False,False,False,False,False,False,False,False,False,False,False,True,0.0
1289,1,48.0,79.2,2,3,0,False,False,False,False,False,True,False,False,False,True,False,False,False,True,True,False,False,False,False,False,False,False,1.0
1290,3,22.0,7.775,1,1,1,True,False,True,False,True,False,False,False,True,False,False,False,False,False,False,False,False,False,False,False,False,True,0.0
1291,3,31.0,7.7333,1,1,1,True,True,False,False,True,False,False,False,True,False,False,False,False,False,False,False,False,False,False,False,False,True,0.0
1292,1,30.0,164.8667,4,1,1,False,False,True,True,False,False,False,False,True,False,False,False,False,True,False,True,False,False,False,False,False,False,1.0
1293,2,38.0,21.0,2,2,0,True,False,True,False,True,False,False,False,False,True,False,False,True,False,False,False,False,False,False,False,False,True,0.0
1294,1,22.0,59.4,2,2,0,False,False,False,True,False,False,False,False,True,False,False,False,False,True,False,False,False,False,False,False,False,True,1.0
1295,1,17.0,47.1,2,1,1,True,False,True,False,True,False,False,True,False,False,False,False,False,True,False,False,False,False,False,False,False,True,0.0
1296,1,43.0,27.7208,1,2,0,True,False,False,False,True,False,False,False,False,True,False,False,True,False,False,False,True,False,False,False,False,False,0.0
1297,2,20.0,13.8625,1,1,1,True,False,False,False,True,False,False,False,True,False,False,True,False,False,False,False,True,False,False,False,False,False,0.0
1298,2,23.0,10.5,1,2,0,True,False,True,False,True,False,False,False,True,False,False,True,False,False,False,False,False,False,False,False,False,True,0.0
1299,1,50.0,211.5,5,3,0,True,False,False,False,True,False,False,False,False,True,False,False,False,True,False,True,False,False,False,False,False,False,0.0
1300,3,22.0,7.7208,1,1,1,False,True,False,True,False,False,False,False,True,False,False,False,False,False,False,False,False,False,False,False,False,True,1.0
1301,3,3.0,13.775,3,3,0,False,False,True,True,False,False,False,False,False,False,False,True,False,False,False,False,False,False,False,False,False,True,1.0
1302,3,22.0,7.75,1,1,1,False,True,False,True,False,False,False,False,True,False,False,False,False,False,False,False,False,False,False,False,False,True,1.0
1303,1,37.0,90.0,3,2,0,False,True,False,False,False,True,False,False,False,True,False,False,False,True,False,True,False,False,False,False,False,False,1.0
1304,3,28.0,7.775,1,1,1,False,False,True,True,False,False,False,False,True,False,False,False,False,False,False,False,False,False,False,False,False,True,0.0
1305,3,25.0,8.05,1,1,1,True,False,True,False,True,False,False,False,True,False,False,True,False,False,False,False,False,False,False,False,False,True,0.0
1306,1,39.0,108.9,3,1,1,False,False,False,False,False,False,True,False,False,True,False,False,False,True,False,True,False,False,False,False,False,False,1.0
1307,3,38.5,7.25,1,1,1,True,False,True,False,True,False,False,False,False,True,False,False,False,False,False,False,False,False,False,False,False,True,0.0
1308,3,25.0,8.05,1,1,1,True,False,True,False,True,False,False,False,True,False,False,True,False,False,False,False,False,False,False,False,False,True,0.0
1309,3,25.0,22.3583,3,3,0,True,False,False,False,False,False,False,False,True,False,False,False,True,False,False,False,False,False,False,False,False,True,1.0
